Min	Max	A>C	A>G	A>T	C>A	C>G	C>T	CpG	ACC>ATC	CCC>CTC	TCC>TTC	TCT>TTT
1.62996	66.6965	5717	20865	5339	6830	5966	13386	9493	1509	1406	1472	1544
66.6965	77.139	6112	22523	5550	7364	6658	14378	10766	1634	1521	1758	1726
77.139	84.094	5264	20042	4979	6671	5963	12926	9785	1487	1403	1527	1503
84.094	89.5415	5044	18818	4731	6300	5449	12296	9263	1459	1428	1513	1381
89.5415	94.1295	4915	18388	4660	6011	5637	12078	9091	1398	1299	1404	1444
94.1295	98.16475	4809	18460	4562	6075	5521	11837	8966	1386	1335	1367	1420
98.16475	101.8245	4970	18837	4757	6083	5500	12400	8899	1394	1375	1443	1407
101.8245	105.219	5100	18812	4635	5963	5737	12286	9231	1445	1329	1515	1447
105.219	108.45	5206	19544	4773	6321	5670	12665	9624	1432	1402	1508	1502
108.45	111.5465	5276	20026	4963	6595	5881	13018	9780	1483	1394	1531	1591
111.5465	114.5645	5501	20728	5149	6696	6207	13327	10095	1579	1549	1613	1600
114.5645	117.53	5544	21594	5253	6933	6295	13849	10667	1688	1615	1649	1633
117.53	120.4665	5636	22181	5400	7173	6655	14600	10853	1606	1595	1759	1715
120.4665	123.3875	6106	23074	5674	7389	6789	14889	11409	1771	1647	1878	1719
123.3875	126.3055	6280	23943	6053	7760	7221	15728	11852	1797	1776	1889	1833
126.3055	129.235	6688	24985	6208	8061	7450	16169	12216	1863	1791	1985	1998
129.235	132.2025	6881	25967	6489	8369	7703	16868	12569	1975	1935	2034	2029
132.2025	135.1935	7141	27005	6635	8791	8039	17599	13344	2036	2036	2136	2006
135.1935	138.23624999999998	7429	28109	7065	9004	8398	18493	13963	2088	2104	2252	2216
138.23624999999998	141.321	7734	29243	7235	9440	8741	19395	14515	2214	2119	2201	2216
141.321	144.4555	8019	30600	7548	9822	9160	19965	15121	2282	2225	2363	2409
144.4555	147.6665	8409	31526	7819	10030	9558	20600	15740	2358	2372	2409	2406
147.6665	150.945	8836	32537	8215	10557	9995	21591	16253	2520	2413	2551	2574
150.945	154.296	9065	34106	8436	10954	10076	22539	17035	2556	2505	2725	2684
154.296	157.734	9311	35682	8837	11572	10441	23083	17436	2704	2593	2829	2731
157.734	161.2565	9763	36612	9278	12053	11131	23968	18096	2798	2734	2940	2857
161.2565	164.87375	10072	38146	9444	12269	11356	24918	18807	2931	2878	3072	2948
164.87375	168.5855	10336	38972	9717	12555	11551	25975	19486	2955	2938	3042	3131
168.5855	172.4015	10926	40183	9951	12874	12267	26580	20071	3115	2883	3248	3214
172.4015	176.3225	10997	41648	10398	13597	12547	27210	20730	3138	3075	3258	3321
176.3225	180.346	11324	42790	10503	13483	12674	28075	21235	3299	3213	3395	3406
180.346	184.4955	11713	44014	10823	14018	13087	28637	21966	3466	3394	3540	3412
184.4955	188.777	11720	44857	11220	14174	13393	29347	22527	3500	3367	3584	3408
188.777	193.186	12178	45892	11496	14783	13755	30016	22654	3579	3458	3650	3603
193.186	197.7485	12665	46751	11604	14978	14082	30994	23243	3601	3494	3697	3620
197.7485	202.437375	12680	47732	11997	15307	14499	31179	23819	3688	3503	3766	3692
202.437375	207.2815	13072	48829	12117	15708	14841	32025	24389	3760	3682	3925	3786
207.2815	212.29466666666667	12935	49832	12346	15793	14875	32609	24790	3829	3742	3947	3959
212.29466666666667	217.453	13244	50530	12608	16089	15004	32698	25250	3852	3714	4132	3887
217.453	222.7905	13391	50835	12625	16464	15204	33567	25703	3930	3694	4053	3944
222.7905	228.3115	13469	51531	12666	16535	15452	33755	26137	3933	3777	4256	4029
228.3115	234.028	13742	52835	12883	16702	15608	34158	26248	4062	3976	4232	4094
234.028	239.9265	13843	52502	13244	16819	15821	34356	26650	4165	3926	4249	4125
239.9265	246.01250000000002	13820	52876	13114	16880	15748	34923	26906	4228	4072	4198	4196
246.01250000000002	252.3275	13995	53497	13286	17067	15934	35004	27013	4233	4023	4411	4287
252.3275	258.841	14040	53723	13273	17262	15987	35444	27635	4187	3967	4452	4299
258.841	265.601	14066	53909	13583	17279	16222	35566	27813	4258	3997	4360	4351
265.601	272.611	14018	54746	13513	17344	16297	35408	27935	4216	3994	4540	4341
272.611	279.923	14176	54702	13402	17094	16089	36315	28100	4257	3966	4584	4416
279.923	287.5745	13987	54665	13607	17455	16421	35994	28420	4295	4138	4576	4236
287.5745	295.55	14212	55021	13754	17311	16453	36237	28742	4311	4096	4806	4421
295.55	303.8725	14036	55369	13758	17534	16652	36507	28779	4339	4162	4716	4458
303.8725	312.585	14428	55236	13968	17420	16300	36513	29181	4369	4248	4811	4468
312.585	321.69337500000006	14236	55770	13954	17728	16395	37100	29558	4402	4128	4813	4448
321.69337500000006	331.2345	14425	55845	14035	17607	16712	37042	29884	4491	4261	4892	4559
331.2345	341.2495	14393	55996	14066	17905	16658	37190	30091	4544	4241	5071	4498
341.2495	351.7848	14675	56457	14205	17664	16677	37529	30535	4425	4358	4902	4602
351.7848	362.86083333333335	14569	56921	14092	17967	16933	38158	30980	4530	4374	5120	4669
362.86083333333335	374.589125	14661	56917	14119	17977	16944	38043	30978	4566	4413	5075	4718
374.589125	387.0445	14635	57782	14343	18181	16767	38059	31176	4605	4267	5286	4706
387.0445	400.3217000000001	14749	57872	14290	18321	16747	38210	31952	4716	4368	5189	4682
400.3217000000001	414.5865	14735	57380	14567	17794	17025	38342	31761	4642	4355	5279	4746
414.5865	429.9285	14379	57436	14236	18281	16965	38596	32232	4579	4411	5319	4893
429.9285	446.5315	14573	57413	14504	18242	16750	38419	32447	4691	4315	5312	4840
446.5315	464.61675	14512	57032	14357	18272	16759	38553	32723	4790	4490	5416	4768
464.61675	484.4455	14375	56500	14345	17925	16854	38289	32311	4760	4340	5495	4725
484.4455	506.218125	14361	56823	14350	17708	16884	38098	32159	4621	4403	5443	4768
506.218125	530.345	14182	55923	14198	17453	16544	37445	31557	4582	4411	5305	4653
530.345	557.212	13751	54312	13849	17180	16025	36531	31565	4529	4097	5281	4657
557.212	587.505	13054	52766	13441	16384	15281	35244	30093	4363	4157	5191	4478
587.505	621.9619	12457	50115	12783	15666	14889	33885	29176	4224	3771	4808	4211
621.9619	661.3325	12070	47242	11927	14733	13873	31618	27308	3983	3732	4618	3963
661.3325	706.6668333333333	11207	43499	11122	13599	12994	29714	25540	3686	3391	4345	3804
706.6668333333333	758.8862	10095	39812	10102	12447	11646	26759	23313	3392	3073	3914	3393
758.8862	819.1972857142857	8981	35917	8976	11106	10409	23897	20760	2959	2774	3602	3009
819.1972857142857	888.6709999999999	8134	31840	7998	10008	9573	21254	18341	2643	2502	3155	2680
888.6709999999999	968.6732500000002	7151	28267	7232	8763	8394	18922	16630	2409	2168	2731	2394
968.6732500000002	1060.28025	6402	25081	6365	7905	7615	17153	14914	2006	2002	2339	2018
1060.28025	1165.46	5741	22535	5780	7131	6800	15226	13747	1892	1845	2022	1897
1165.46	1285.9571875	5292	20989	5333	6538	6252	14230	12609	1673	1666	1814	1718
1285.9571875	1423.9974999999997	5047	19620	5014	6358	5864	13534	12080	1586	1634	1743	1695
1423.9974999999997	1582.8773571428574	4835	18825	4531	5933	5673	13034	11508	1464	1563	1567	1499
1582.8773571428574	1764.375	4737	18092	4628	5663	5495	12717	11578	1421	1568	1472	1491
1764.375	1972.111125	4740	18264	4555	5915	5536	12580	11259	1471	1458	1477	1485
1972.111125	2209.712	4698	18221	4483	5827	5698	12595	11738	1464	1491	1546	1472
2209.712	2480.312	4715	18506	4575	5888	5733	13121	11969	1494	1550	1540	1452
2480.312	2785.5127500000003	4977	19028	4860	6220	5835	13316	12453	1489	1583	1560	1509
2785.5127500000003	3127.069375	5249	19701	4880	6363	6306	14061	13135	1516	1678	1577	1527
3127.069375	3504.625	5501	20892	5351	6640	6566	14841	13714	1567	1739	1589	1685
3504.625	3919.3683333333333	5817	22169	5720	7163	7070	15460	14655	1708	1792	1658	1783
3919.3683333333333	4371.818357142857	6268	24436	6244	7786	7448	16728	15773	1857	1894	1803	1898
4371.818357142857	4858.983249999999	6870	26255	6802	8544	8162	18151	17149	2033	2052	1939	2036
4858.983249999999	5379.8043181818175	7567	28585	7110	9104	8879	19455	18478	2186	2362	2130	2207
5379.8043181818175	5933.835529411765	8364	31766	7815	10186	9638	21735	20519	2373	2434	2327	2402
5933.835529411765	6520.857857142858	9125	34556	8709	10897	10646	23350	21966	2586	2680	2488	2580
6520.857857142858	7139.718	9951	38226	9491	11854	11327	25731	24016	2849	2894	2672	2776
7139.718	7793.488214285714	10820	42125	10640	12853	12439	27660	26314	3087	3175	3022	3063
7793.488214285714	8483.015187500001	11806	45841	11371	14222	13454	29986	27909	3277	3342	3198	3340
8483.015187500001	9216.09090909091	13188	50130	12567	15344	14669	32191	30241	3475	3602	3477	3725
9216.09090909091	10000.0	14204	54560	13378	16379	15827	35029	32784	3844	3957	3754	4001
